{
  "tokenomics_percent": {
    "LP": 54,
    "Presale": 20,
    "Team": 15,
    "Marketing": 10,
    "Burn": 1
  },
  "current_remaining_supply": "999,336,759.387",
  "presale_wallet": "199,867,351.8774",
  "team_wallet": "149,900,513.90805",
  "marketing_wallet": "99,933,675.9387",
  "burn_wallet": "9,993,367.59387",
  "lp_reserved": "539,642,849.06898",
  "presale_rate_per_bnb": "2000000",
  "listing_rate_per_bnb": "1600000",
  "softcap_bnb": "30",
  "hardcap_bnb": "100",
  "presale_window_kst": "2025-12-01 21:00 → 2026-01-01 21:00"
}