{
  "chain": "BSC Mainnet",
  "chainId": 56,
  "rpc": "https://bsc-dataseed.binance.org",
  "explorer": "https://bscscan.com",
  "token": "0xBa29562241F0489504C493c47aCBA16d7a98998f",
  "team_lock": "0x8865331fD7AA6e63fC1C01882F0fE40AbC58bB30",
  "marketing_airdrop": "0xF3A2159474dCE4eF86F6eE56cE1b55C60E2C467e",
  "user_receiving": "0xCDcA475e1C6D89A14158fB8D05fA8275Bf5A06Ea",
  "presale_wallet": "0x66F4cEb1C3dEb2084cdc02Aa3c318CF680E0A672",
  "burn_wallet": "0x388a9106d392937938721d6dd09cf1f331c2860f",
  "dead_wallet": "0x000000000000000000000000000000000000dEaD",
  "pancakeswap": "",
  "telegram": "https://t.me/+p1BMrdypmDFmNTA1",
  "x_twitter": "https://x.com/Flexcoinmeme"
}