{
  "chain": "BSC Mainnet (56)",
  "token": "0xBa29562241F0489504C493c47aCBA16d7a98998f",
  "team": "0x8865331fD7AA6e63fC1C01882F0fE40AbC58bB30",
  "marketing": "0xF3A2159474dCE4eF86F6eE56cE1b55C60E2C467e",
  "receive": "0xCDcA475e1C6D89A14158fB8D05fA8275Bf5A06Ea",
  "presale": "0x66F4cEb1C3dEb2084cdc02Aa3c318CF680E0A672",
  "burn": "0x388a9106d392937938721d6dd09cf1f331c2860f",
  "presale_kst": "2025-12-01T21:00:00+09:00",
  "links": {
    "pancake": "https://pancakeswap.finance",
    "bscscan": "https://bscscan.com/token/0xBa29562241F0489504C493c47aCBA16d7a98998f",
    "telegram": "https://t.me/+p1BMrdypmDFmNTA1",
    "twitter": "https://x.com/Flexcoinmeme"
  },
  "tokenomics": [
    {
      "label": "Liquidity Pool",
      "value": 69
    },
    {
      "label": "Presale",
      "value": 10
    },
    {
      "label": "Marketing",
      "value": 10
    },
    {
      "label": "Team (Lock 6m + 6m linear)",
      "value": 10
    },
    {
      "label": "Burn",
      "value": 1
    }
  ]
}